foe_sam_time,foe_sam_id,foe_sam_x,foe_sam_y
32,5982.0-532.0,166.52078064167867,520.5144539862896
34,5982.0-532.0,162.84963095702358,512.101275162734
36,5982.0-532.0,159.1784812723685,503.68809633917857
36,2972.0-292.0,168.31486185538984,519.9991593812579
38,5982.0-532.0,155.5073315877134,495.2749175156231
38,2972.0-292.0,166.16007418415626,511.0763903034342
40,5982.0-532.0,151.8361819030583,486.8617386920676
40,2972.0-292.0,164.00528651292268,502.15362122561055
40,6213.0-113.0,170.62872817863052,519.737725192669
42,5982.0-532.0,148.1650322184032,478.4485598685121
42,2972.0-292.0,161.8504988416891,493.2308521477869
42,6213.0-113.0,170.51008763034798,510.55922627702006
44,5982.0-532.0,144.49388253374812,470.03538104495664
44,2972.0-292.0,159.69571117045552,484.30808306996323
44,6213.0-113.0,170.39144708206544,501.3807273613711
44,7762.0-3912.0,202.13128854896914,550.3885420197488
44,8551.0-1532.0,170.12295530036957,519.7756921922486
46,5982.0-532.0,140.82273284909303,461.62220222140115
46,2972.0-292.0,157.54092349922195,475.3853139921396
46,6213.0-113.0,170.2728065337829,492.20222844572214
46,7762.0-3912.0,197.41880334359772,542.5112708479901
46,8551.0-1532.0,169.22082267353645,510.64086462694286
48,5982.0-532.0,137.15158316443794,453.20902339784567
48,2972.0-292.0,155.38613582798837,466.4625449143159
48,6213.0-113.0,170.15416598550036,483.0237295300732
48,7762.0-3912.0,192.7063181382263,534.6339996762314
48,8551.0-1532.0,168.3186900467033,501.50603706163713
48,7616.0-4572.0,203.24415249595512,549.8071273273438
48,7588.0-2816.0,167.0667735054235,520.7614170328336
50,5982.0-532.0,133.48043347978285,444.7958445742902
50,2972.0-292.0,153.2313481567548,457.53977583649225
50,6213.0-113.0,170.0355254372178,473.8452306144242
50,7762.0-3912.0,187.99383293285487,526.7567285044727
50,8551.0-1532.0,167.41655741987017,492.3712094963314
50,7616.0-4572.0,199.39637168270545,541.4732506341443
50,7588.0-2816.0,162.83073988335462,512.6180186588765
52,5982.0-532.0,129.80928379512775,436.3826657507347
52,2972.0-292.0,151.0765604855212,448.6170067586686
52,6213.0-113.0,169.91688488893527,464.66673169877527
52,7762.0-3912.0,183.28134772748345,518.879457332714
52,8551.0-1532.0,166.51442479303702,483.2363819310257
52,7616.0-4572.0,195.54859086945578,533.1393739409448
52,7588.0-2816.0,158.59470626128575,504.47462028491935
52,6586.0-2842.0,201.5260661948862,550.9129553200196
52,382.0-2828.0,171.70282801504283,519.7206601942771
54,5982.0-532.0,126.13813411047265,427.9694869271792
54,2972.0-292.0,148.92177281428764,439.69423768084494
54,6213.0-113.0,169.79824434065273,455.4882327831263
54,7762.0-3912.0,178.56886252211203,511.0021861609552
54,8551.0-1532.0,165.61229216620387,474.10155436571995
54,7616.0-4572.0,191.7008100562061,524.8054972477453
54,7588.0-2816.0,154.35867263921688,496.3312219109622
54,6586.0-2842.0,195.71203952570337,543.8097157904601
54,382.0-2828.0,171.82512970230363,510.54220933252714
56,5982.0-532.0,122.46698442581754,419.55630810362373
56,2972.0-292.0,146.76698514305406,430.7714686030213
56,6213.0-113.0,169.6796037923702,446.30973386747735
56,7762.0-3912.0,173.8563773167406,503.1249149891965
56,8551.0-1532.0,164.71015953937075,464.9667268004142
56,7616.0-4572.0,187.85302924295644,516.4716205545458
56,7588.0-2816.0,150.122639017148,488.18782353700504
56,6586.0-2842.0,189.89801285652055,536.7064762609007
56,382.0-2828.0,171.94743138956443,501.36375847077716
56,2018.0-3491.0,204.80080905764785,549.1455822602952
56,6589.0-916.0,166.97695810953562,521.1196076943611
58,5982.0-532.0,118.79583474116244,411.14312928006825
58,2972.0-292.0,144.61219747182048,421.8486995251976
58,6213.0-113.0,169.56096324408765,437.1312349518284
58,7762.0-3912.0,169.14389211136918,495.24764381743773
58,8551.0-1532.0,163.8080269125376,455.8318992351085
58,7616.0-4572.0,184.00524842970677,508.1377438613463
58,7588.0-2816.0,145.88660539507913,480.0444251630479
58,6586.0-2842.0,184.08398618733773,529.6032367313412
58,382.0-2828.0,172.06973307682523,492.1853076090272
58,2018.0-3491.0,202.01336569636246,540.3997788419756
58,6589.0-916.0,162.09567069099955,513.3458086834587
60,5982.0-532.0,115.12468505650733,402.72995045651277
60,2972.0-292.0,142.4574098005869,412.92593044737396
60,6213.0-113.0,169.4423226958051,427.95273603617943
60,7762.0-3912.0,164.43140690599776,487.370372645679
60,8551.0-1532.0,162.90589428570448,446.69707166980277
60,7616.0-4572.0,180.1574676164571,499.8038671681468
60,7588.0-2816.0,141.65057177301026,471.90102678909074
60,6586.0-2842.0,178.2699595181549,522.4999972017818
60,382.0-2828.0,172.19203476408603,483.0068567472772
60,2018.0-3491.0,199.22592233507706,531.653975423656
60,6589.0-916.0,157.2143832724635,505.57200967255625
60,9522.0-4450.0,205.5165856090165,548.8852858603667
60,7974.0-3062.0,169.597077812171,520.0665362665576
62,5982.0-532.0,111.45353537185223,394.3167716329573
62,2972.0-292.0,140.30262212935332,404.0031613695503
62,6213.0-113.0,169.32368214752256,418.7742371205305
62,7762.0-3912.0,159.71892170062634,479.4931014739203
62,8551.0-1532.0,162.00376165887133,437.56224410449704
62,7616.0-4572.0,176.30968680320743,491.4699904749473
62,7588.0-2816.0,137.41453815094138,463.7576284151336
62,6586.0-2842.0,172.45593284897208,515.3967576722223
62,382.0-2828.0,172.31433645134683,473.8284058855272
62,2018.0-3491.0,196.43847897379166,522.9081720053364
62,6589.0-916.0,152.33309585392743,497.7982106616538
62,9522.0-4450.0,203.1967592442355,540.0039952130828
62,7974.0-3062.0,167.05819089598066,511.2453701786153
64,5982.0-532.0,107.78238568719712,385.9035928094018
64,2972.0-292.0,138.14783445811975,395.08039229172664
64,6213.0-113.0,169.20504159924002,409.5957382048815
64,7762.0-3912.0,155.00643649525492,471.6158303021616
64,8551.0-1532.0,161.1016290320382,428.4274165391913
64,7616.0-4572.0,172.46190598995776,483.1361137817478
64,7588.0-2816.0,133.1785045288725,455.6142300411764
64,6586.0-2842.0,166.64190617978926,508.2935181426628
64,382.0-2828.0,172.43663813860763,464.64995502377724
64,2018.0-3491.0,193.65103561250626,514.1623685870168
64,6589.0-916.0,147.45180843539137,490.02441165075135
64,9522.0-4450.0,200.8769328794545,531.1227045657989
64,7974.0-3062.0,164.51930397979032,502.424204090673
64,9936.0-4094.0,203.08071957497793,549.9462892131465
64,5557.0-3147.0,170.42965874991958,519.9197124685379
66,5982.0-532.0,104.11123600254201,377.4904139858463
66,2972.0-292.0,135.99304678688617,386.157623213903
66,6213.0-113.0,169.08640105095748,400.41723928923255
66,7762.0-3912.0,150.2939512898835,463.7385591304029
66,8551.0-1532.0,160.19949640520505,419.2925889738856
66,7616.0-4572.0,168.6141251767081,474.8022370885483
66,7588.0-2816.0,128.94247090680363,447.4708316672193
66,6586.0-2842.0,160.82787951060644,501.19027861310326
66,382.0-2828.0,172.55893982586844,455.47150416202726
66,2018.0-3491.0,190.86359225122087,505.4165651686971
66,6589.0-916.0,142.5705210168553,482.2506126398489
66,9522.0-4450.0,198.5571065146735,522.241413918515
66,7974.0-3062.0,161.9804170636,493.6030380027307
66,9936.0-4094.0,198.07686762129416,542.2508110896067
66,5557.0-3147.0,168.44563357118818,510.95742693333955
68,5982.0-532.0,100.44008631788691,369.07723516229083
68,2972.0-292.0,133.8382591156526,377.2348541360793
68,6213.0-113.0,168.96776050267493,391.2387403735836
68,7762.0-3912.0,145.58146608451207,455.86128795864414
68,8551.0-1532.0,159.2973637783719,410.15776140857986
68,7616.0-4572.0,164.76634436345842,466.4683603953488
68,7588.0-2816.0,124.70643728473478,439.3274332932621
68,6586.0-2842.0,155.0138528414236,494.08703908354374
68,382.0-2828.0,172.68124151312924,446.2930533002773
68,2018.0-3491.0,188.07614888993547,496.67076175037744
68,6589.0-916.0,137.68923359831925,474.47681362894645
68,9522.0-4450.0,196.2372801498925,513.3601232712311
68,7974.0-3062.0,159.44153014740965,484.78187191478844
68,9936.0-4094.0,193.07301566761038,534.5553329660669
68,5557.0-3147.0,166.46160839245678,501.9951413981412
68,5451.0-2256.0,205.0741627587478,548.9355450887856
68,6862.0-1202.0,169.38155803255822,520.3145272836877
70,5982.0-532.0,96.76893663323182,360.66405633873535
70,2972.0-292.0,131.683471444419,368.31208505825566
70,6213.0-113.0,168.8491199543924,382.06024145793464
70,7762.0-3912.0,140.86898087914065,447.9840167868854
70,8551.0-1532.0,158.39523115153878,401.02293384327413
70,7616.0-4572.0,160.91856355020875,458.1344837021493
70,7588.0-2816.0,120.47040366266592,431.18403491930496
70,6586.0-2842.0,149.1998261722408,486.9837995539842
70,382.0-2828.0,172.80354320039004,437.1146024385273
70,2018.0-3491.0,185.28870552865007,487.92495833205777
70,6589.0-916.0,132.8079461797832,466.703014618044
70,9522.0-4450.0,193.91745378511152,504.4788326239472
70,7974.0-3062.0,156.90264323121932,475.96070582684615
70,9936.0-4094.0,188.0691637139266,526.859854842527
70,5557.0-3147.0,164.47758321372538,493.0328558629428
70,5451.0-2256.0,201.81559443396966,540.3541320118491
70,6862.0-1202.0,166.0717129361758,511.7527609144027
72,5982.0-532.0,93.09778694857673,352.25087751517987
72,2972.0-292.0,129.52868377318543,359.389315980432
72,6213.0-113.0,168.73047940610985,372.8817425422857
72,7762.0-3912.0,136.15649567376923,440.10674561512667
72,8551.0-1532.0,157.49309852470563,391.8881062779684
72,7616.0-4572.0,157.07078273695907,449.8006070089498
72,7588.0-2816.0,116.23437004059706,423.0406365453478
72,6586.0-2842.0,143.38579950305797,479.8805600244247
72,382.0-2828.0,172.92584488765084,427.9361515767773
72,2018.0-3491.0,182.50126216736467,479.1791549137381
72,6589.0-916.0,127.92665876124714,458.92921560714154
72,9522.0-4450.0,191.59762742033053,495.59754197666325
72,7974.0-3062.0,154.36375631502898,467.13953973890386
72,9936.0-4094.0,183.06531176024282,519.1643767189872
72,5557.0-3147.0,162.49355803499398,484.07057032774446
72,5451.0-2256.0,198.55702610919153,531.7727189349125
72,6862.0-1202.0,162.76186783979338,503.19099454511775
72,8906.0-4866.0,207.38288562686049,548.2913961733362
72,7879.0-4282.0,168.5819435682153,520.8076133972987
74,5982.0-532.0,89.42663726392163,343.8376986916244
74,2972.0-292.0,127.37389610195187,350.46654690260834
74,6213.0-113.0,168.6118388578273,363.7032436266367
74,7762.0-3912.0,131.4440104683978,432.22947444336796
74,8551.0-1532.0,156.5909658978725,382.7532787126627
74,7616.0-4572.0,153.2230019237094,441.4667303157503
74,7588.0-2816.0,111.9983364185282,414.89723817139065
74,6586.0-2842.0,137.57177283387514,472.7773204948652
74,382.0-2828.0,173.0481465749116,418.75770071502734
74,2018.0-3491.0,179.71381880607927,470.43335149541844
74,6589.0-916.0,123.04537134271109,451.1554165962391
74,9522.0-4450.0,189.27780105554953,486.7162513293793
74,7974.0-3062.0,151.82486939883864,458.3183736509616
74,9936.0-4094.0,178.06145980655904,511.46889859544734
74,5557.0-3147.0,160.50953285626258,475.1082847925461
74,5451.0-2256.0,195.2984577844134,523.191305857976
74,6862.0-1202.0,159.45202274341096,494.6292281758328
74,8906.0-4866.0,206.1848806153308,539.1906433519146
74,7879.0-4282.0,164.19476480720033,512.7446374923884
76,5982.0-532.0,85.75548757926653,335.4245198680689
76,2972.0-292.0,125.21910843071831,341.5437778247847
76,6213.0-113.0,168.49319830954477,354.52474471098776
76,7762.0-3912.0,126.73152526302638,424.35220327160926
76,8551.0-1532.0,155.68883327103936,373.61845114735695
76,7616.0-4572.0,149.37522111045973,433.1328536225508
76,7588.0-2816.0,107.76230279645934,406.7538397974335
76,6586.0-2842.0,131.75774616469232,465.6740809653057
76,382.0-2828.0,173.1704482621724,409.57924985327736
76,2018.0-3491.0,176.92637544479388,461.68754807709877
76,6589.0-916.0,118.16408392417505,443.38161758533664
76,9522.0-4450.0,186.95797469076854,477.83496068209536
76,7974.0-3062.0,149.2859824826483,449.4972075630193
76,9936.0-4094.0,173.05760785287526,503.77342047190746
76,5557.0-3147.0,158.52550767753118,466.14599925734774
76,5451.0-2256.0,192.03988945963525,514.6098927810394
76,6862.0-1202.0,156.14217764702855,486.06746180654784
76,8906.0-4866.0,204.9868756038011,530.0898905304929
76,7879.0-4282.0,159.80758604618535,504.68166158747806
76,5934.0-1830.0,206.9350867830006,548.2855905217432
76,7278.0-3462.0,170.8234983818479,520.0112797020063
78,5982.0-532.0,82.08433789461144,327.0113410445134
78,2972.0-292.0,123.06432075948474,332.621008746961
78,6213.0-113.0,168.37455776126222,345.3462457953388
78,7762.0-3912.0,122.01904005765496,416.47493209985055
78,8551.0-1532.0,154.78670064420623,364.4836235820512
78,7616.0-4572.0,145.52744029721006,424.7989769293513
78,7588.0-2816.0,103.52626917439048,398.61044142347635
78,6586.0-2842.0,125.9437194955095,458.57084143574616
78,382.0-2828.0,173.2927499494332,400.4007989915274
78,2018.0-3491.0,174.13893208350848,452.9417446587791
78,6589.0-916.0,113.282796505639,435.6078185744342
78,9522.0-4450.0,184.63814832598754,468.9536700348114
78,7974.0-3062.0,146.74709556645797,440.676041475077
78,9936.0-4094.0,168.0537558991915,496.07794234836757
78,5557.0-3147.0,156.54148249879978,457.1837137221494
78,5451.0-2256.0,188.7813211348571,506.02847970410284
78,6862.0-1202.0,152.83233255064613,477.5056954372629
78,8906.0-4866.0,203.78887059227142,520.9891377090712
78,7879.0-4282.0,155.42040728517037,496.61868568256773
78,5934.0-1830.0,205.0411233727468,539.3038412196927
78,7278.0-3462.0,168.40015523417588,511.1576744525671
80,5982.0-532.0,78.41318820995633,318.59816222095793
80,2972.0-292.0,120.90953308825118,323.69823966913737
80,6213.0-113.0,168.25591721297968,336.16774687968984
80,7762.0-3912.0,117.30655485228354,408.59766092809184
80,8551.0-1532.0,153.88456801737308,355.3487960167455
80,7616.0-4572.0,141.6796594839604,416.4651002361518
80,7588.0-2816.0,99.29023555232162,390.4670430495192
80,6586.0-2842.0,120.12969282632668,451.46760190618664
80,382.0-2828.0,173.415051636694,391.2223481297774
80,2018.0-3491.0,171.35148872222308,444.19594124045943
80,6589.0-916.0,108.40150908710295,427.8340195635318
80,9522.0-4450.0,182.31832196120655,460.07237938752746
80,7974.0-3062.0,144.20820865026764,431.8548753871347
80,9936.0-4094.0,163.0499039455077,488.3824642248277
80,5557.0-3147.0,154.55745732006838,448.221428186951
80,5451.0-2256.0,185.52275281007897,497.44706662716624
80,6862.0-1202.0,149.5224874542637,468.94392906797793
80,8906.0-4866.0,202.59086558074176,511.88838488764947
80,7879.0-4282.0,151.0332285241554,488.5557097776574
80,5934.0-1830.0,203.147159962493,530.3220919176422
80,7278.0-3462.0,165.97681208650386,502.30406920312794
80,3231.0-4357.0,209.33973473741287,547.967019846653
80,4724.0-4284.0,172.56231388702412,519.7304896245442
82,5982.0-532.0,74.74203852530124,310.18498339740245
82,2972.0-292.0,118.75474541701762,314.7754705913137
82,6213.0-113.0,168.13727666469714,326.9892479640409
82,7762.0-3912.0,112.59406964691212,400.7203897563331
82,8551.0-1532.0,152.98243539053993,346.21396845143977
82,7616.0-4572.0,137.83187867071072,408.1312235429523
82,7588.0-2816.0,95.05420193025276,382.32364467556204
82,6586.0-2842.0,114.31566615714385,444.3643623766271
82,382.0-2828.0,173.53735332395476,382.0438972680274
82,2018.0-3491.0,168.56404536093768,435.45013782213977
82,6589.0-916.0,103.5202216685669,420.0602205526294
82,9522.0-4450.0,179.99849559642556,451.1910887402435
82,7974.0-3062.0,141.66932173407727,423.0337092991924
82,9936.0-4094.0,158.04605199182393,480.6869861012878
82,5557.0-3147.0,152.57343214133698,439.25914265175265
82,5451.0-2256.0,182.26418448530083,488.86565355022964
82,6862.0-1202.0,146.2126423578813,460.382162698693
82,8906.0-4866.0,201.39286056921208,502.78763206622773
82,7879.0-4282.0,146.6460497631404,480.49273387274707
82,5934.0-1830.0,201.2531965522392,521.3403426155917
82,7278.0-3462.0,163.55346893883183,493.45046395368877
82,3231.0-4357.0,209.6022597267071,538.7915090404765
82,4724.0-4284.0,171.60006704423864,510.6017986484067
84,5982.0-532.0,71.07088884064615,301.77180457384696
84,2972.0-292.0,116.59995774578405,305.85270151349005
84,6213.0-113.0,168.0186361164146,317.8107490483919
84,7762.0-3912.0,107.8815844415407,392.84311858457437
84,8551.0-1532.0,152.0803027637068,337.07914088613404
84,7616.0-4572.0,133.98409785746105,399.7973468497528
84,7588.0-2816.0,90.81816830818389,374.1802463016049
84,6586.0-2842.0,108.50163948796103,437.2611228470676
84,382.0-2828.0,173.65965501121556,372.86544640627744
84,2018.0-3491.0,165.77660199965229,426.7043344038201
84,6589.0-916.0,98.63893425003086,412.28642154172695
84,9522.0-4450.0,177.67866923164456,442.30979809295957
84,7974.0-3062.0,139.13043481788694,414.21254321125014
84,9936.0-4094.0,153.04220003814015,472.9915079777479
84,5557.0-3147.0,150.58940696260558,430.2968571165543
84,5451.0-2256.0,179.0056161605227,480.28424047329304
84,6862.0-1202.0,142.90279726149888,451.820396329408
84,8906.0-4866.0,200.19485555768242,493.686879244806
84,7879.0-4282.0,142.25887100212546,472.42975796783674
84,5934.0-1830.0,199.35923314198538,512.3585933135412
84,7278.0-3462.0,161.1301257911598,484.5968587042496
84,3231.0-4357.0,209.86478471600134,529.6159982343
84,4724.0-4284.0,170.63782020145317,501.4731076722692
84,2156.0-3675.0,207.14945114365062,548.100081766775
84,6647.0-1667.0,172.4559660639258,519.7734786233758
86,5982.0-532.0,67.39973915599106,293.3586257502915
86,2972.0-292.0,114.44517007455049,296.9299324356664
86,6213.0-113.0,167.89999556813206,308.63225013274297
86,7762.0-3912.0,103.16909923616927,384.9658474128156
86,8551.0-1532.0,151.17817013687366,327.9443133208283
86,7616.0-4572.0,130.13631704421138,391.4634701565533
86,7588.0-2816.0,86.58213468611501,366.0368479276477
86,6586.0-2842.0,102.68761281877819,430.1578833175081
86,382.0-2828.0,173.78195669847634,363.68699554452746
86,2018.0-3491.0,162.9891586383669,417.95853098550043
86,6589.0-916.0,93.75764683149481,404.51262253082456
86,9522.0-4450.0,175.35884286686357,433.4285074456756
86,7974.0-3062.0,136.59154790169657,405.39137712330785
86,9936.0-4094.0,148.03834808445637,465.29602985420803
86,5557.0-3147.0,148.60538178387418,421.33457158135593
86,5451.0-2256.0,175.74704783574455,471.70282739635644
86,6862.0-1202.0,139.59295216511646,443.2586299601231
86,8906.0-4866.0,198.99685054615273,484.58612642338426
86,7879.0-4282.0,137.8716922411105,464.3667820629264
86,5934.0-1830.0,197.46526973173158,503.3768440114906
86,7278.0-3462.0,158.70678264348777,475.74325345481043
86,3231.0-4357.0,210.12730970529557,520.4404874281236
86,4724.0-4284.0,169.6755733586677,492.34441669613165
86,2156.0-3675.0,204.97353298431838,539.1824420516848
86,6647.0-1667.0,171.10965219775238,510.69348099683344
88,5982.0-532.0,63.72858947133596,284.945446926736
88,2972.0-292.0,112.29038240331691,288.0071633578427
88,6213.0-113.0,167.7813550198495,299.453751217094
88,7762.0-3912.0,98.45661403079785,377.0885762410569
88,8551.0-1532.0,150.27603751004054,318.8094857555226
88,7616.0-4572.0,126.28853623096172,383.1295934633538
88,7588.0-2816.0,82.34610106404615,357.8934495536906
88,6586.0-2842.0,96.87358614959535,423.0546437879486
88,382.0-2828.0,173.90425838573714,354.5085446827775
88,2018.0-3491.0,160.2017152770815,409.21272756718076
88,6589.0-916.0,88.87635941295876,396.73882351992216
88,9522.0-4450.0,173.03901650208257,424.5472167983917
88,7974.0-3062.0,134.05266098550624,396.57021103536556
88,9936.0-4094.0,143.0344961307726,457.60055173066814
88,5557.0-3147.0,146.62135660514278,412.37228604615757
88,5451.0-2256.0,172.4884795109664,463.12141431941984
88,6862.0-1202.0,136.28310706873404,434.6968635908381
88,8906.0-4866.0,197.79884553462307,475.4853736019625
88,7879.0-4282.0,133.48451348009556,456.3038061580161
88,5934.0-1830.0,195.57130632147778,494.39509470944006
88,7278.0-3462.0,156.28343949581574,466.88964820537126
88,3231.0-4357.0,210.3898346945898,511.264976621947
88,4724.0-4284.0,168.71332651588222,483.2157257199941
88,2156.0-3675.0,202.79761482498614,530.2648023365946
88,6647.0-1667.0,169.76333833157895,501.6134833702911
88,3656.0-4008.0,207.9848093041019,547.852177379281
88,5181.0-1973.0,169.72015138622487,520.7699847286498
90,5982.0-532.0,60.05743978668086,276.5322681031805
90,2972.0-292.0,110.13559473208333,279.08439428001907
90,6213.0-113.0,167.66271447156697,290.27525230144505
90,7762.0-3912.0,93.74412882542643,369.2113050692982
90,8551.0-1532.0,149.3739048832074,309.67465819021686
90,7616.0-4572.0,122.44075541771207,374.7957167701543
90,7588.0-2816.0,78.1100674419773,349.7500511797334
90,6586.0-2842.0,91.05955948041252,415.95140425838906
90,382.0-2828.0,174.0265600729979,345.3300938210275
90,2018.0-3491.0,157.4142719157961,400.4669241488611
90,6589.0-916.0,83.99507199442272,388.9650245090197
90,9522.0-4450.0,170.71919013730158,415.6659261511077
90,7974.0-3062.0,131.5137740693159,387.7490449474233
90,9936.0-4094.0,138.03064417708882,449.90507360712826
90,5557.0-3147.0,144.63733142641138,403.4100005109592
90,5451.0-2256.0,169.22991118618827,454.54000124248324
90,6862.0-1202.0,132.97326197235162,426.13509722155317
90,8906.0-4866.0,196.60084052309338,466.3846207805408
90,7879.0-4282.0,129.0973347190806,448.24083025310574
90,5934.0-1830.0,193.67734291122397,485.4133454073895
90,7278.0-3462.0,153.8600963481437,458.0360429559321
90,3231.0-4357.0,210.65235968388404,502.0894658157705
90,4724.0-4284.0,167.75107967309674,474.0870347438566
90,2156.0-3675.0,200.6216966656539,521.3471626215044
90,6647.0-1667.0,168.41702446540552,492.5334857437487
90,3656.0-4008.0,206.3960897503567,538.811442447661
90,5181.0-1973.0,165.36030364206084,512.6921975581449
92,5982.0-532.0,56.38629010202576,268.11908927962503
92,2972.0-292.0,107.98080706084976,270.1616252021954
92,6213.0-113.0,167.54407392328443,281.0967533857961
92,7762.0-3912.0,89.03164362005501,361.3340338975395
92,8551.0-1532.0,148.47177225637427,300.53983062491113
92,7616.0-4572.0,118.59297460446241,366.4618400769548
92,7588.0-2816.0,73.87403381990842,341.60665280577626
92,6586.0-2842.0,85.24553281122968,408.84816472882954
92,382.0-2828.0,174.1488617602587,336.1516429592775
92,2018.0-3491.0,154.6268285545107,391.72112073054143
92,6589.0-916.0,79.11378457588667,381.1912254981173
92,9522.0-4450.0,168.3993637725206,406.7846355038238
92,7974.0-3062.0,128.97488715312556,378.927878859481
92,9936.0-4094.0,133.02679222340504,442.2095954835884
92,5557.0-3147.0,142.65330624767998,394.44771497576085
92,5451.0-2256.0,165.97134286141014,445.95858816554664
92,6862.0-1202.0,129.6634168759692,417.5733308522682
92,8906.0-4866.0,195.40283551156372,457.28386795911905
92,7879.0-4282.0,124.71015595806564,440.1778543481954
92,5934.0-1830.0,191.78337950097017,476.43159610533894
92,7278.0-3462.0,151.43675320047168,449.1824377064929
92,3231.0-4357.0,210.91488467317828,492.91395500959396
92,4724.0-4284.0,166.78883283031126,464.95834376771904
92,2156.0-3675.0,198.44577850632166,512.4295229064141
92,6647.0-1667.0,167.0707105992321,483.45348811720635
92,3656.0-4008.0,204.80737019661152,529.7707075160409
92,5181.0-1973.0,161.0004558978968,504.61441038764
92,7827.0-3507.0,206.55595665738363,548.1894136114302
92,310.0-2884.0,170.237624836587,520.6394004501717
94,5982.0-532.0,52.71514041737067,259.70591045606955
94,2972.0-292.0,105.11670105499397,261.4406267093916
94,6213.0-113.0,167.4254333750019,271.91825447014713
94,7762.0-3912.0,84.31915841468359,353.4567627257807
94,8551.0-1532.0,147.56963962954111,291.4050030596054
94,7616.0-4572.0,114.74519379121276,358.1279633837553
94,7588.0-2816.0,69.63800019783955,333.4632544318191
94,6586.0-2842.0,79.43150614204684,401.74492519927
94,382.0-2828.0,174.27116344751948,326.97319209752754
94,2018.0-3491.0,151.8393851932253,382.97531731222176
94,6589.0-916.0,74.23249715735062,373.41742648721487
94,9522.0-4450.0,166.0795374077396,397.90334485653983
94,7974.0-3062.0,126.43600023693521,370.1067127715387
94,9936.0-4094.0,128.02294026972126,434.5141173600485
94,5557.0-3147.0,140.66928106894858,385.4854294405625
94,5451.0-2256.0,162.712774536632,437.37717508861004
94,6862.0-1202.0,126.35357177958679,409.01156448298326
94,8906.0-4866.0,194.20483050003403,448.1831151376973
94,7879.0-4282.0,120.32297719705068,432.1148784432851
94,5934.0-1830.0,189.88941609071637,467.4498468032884
94,7278.0-3462.0,149.01341005279966,440.32883245705375
94,3231.0-4357.0,211.1774096624725,483.73844420341743
94,4724.0-4284.0,165.82658598752576,455.8296527915815
94,2156.0-3675.0,196.26986034698942,503.51188319132393
94,6647.0-1667.0,165.72439673305868,474.373490490664
94,3656.0-4008.0,203.21865064286632,520.7299725844209
94,5181.0-1973.0,156.64060815373279,496.5366232171351
94,7827.0-3507.0,203.29022490205594,539.6107240829235
94,310.0-2884.0,166.11753134249545,512.4367333519524
96,5982.0-532.0,49.04399073271558,251.29273163251406
96,6213.0-113.0,167.30679282671935,262.7397555544982
96,7762.0-3912.0,79.60667320931215,345.579491554022
96,8551.0-1532.0,146.66750700270796,282.2701754942997
96,7616.0-4572.0,110.8974129779631,349.7940866905558
96,7588.0-2816.0,65.40196657577067,325.31985605786195
96,6586.0-2842.0,73.617479472864,394.6416856697105
96,382.0-2828.0,174.39346513478029,317.79474123577756
96,2018.0-3491.0,149.0519418319399,374.2295138939021
96,6589.0-916.0,69.35120973881457,365.6436274763124
96,9522.0-4450.0,163.7597110429586,389.0220542092559
96,7974.0-3062.0,123.89711332074486,361.2855466835964
96,9936.0-4094.0,123.0190883160375,426.8186392365086
96,5557.0-3147.0,138.68525589021718,376.5231439053641
96,5451.0-2256.0,159.45420621185386,428.79576201167345
96,6862.0-1202.0,123.04372668320437,400.4497981136983
96,8906.0-4866.0,193.00682548850438,439.0823623162756
96,7879.0-4282.0,115.93579843603571,424.0519025383747
96,5934.0-1830.0,187.99545268046256,458.4680975012378
96,7278.0-3462.0,146.59006690512763,431.4752272076146
96,3231.0-4357.0,211.43993465176675,474.5629333972409
96,4724.0-4284.0,164.86433914474028,446.700961815444
96,2156.0-3675.0,194.09394218765718,494.5942434762337
96,6647.0-1667.0,164.37808286688528,465.2934928641216
96,3656.0-4008.0,201.62993108912113,511.68923765280095
96,5181.0-1973.0,152.28076040956876,488.4588360466302
96,7827.0-3507.0,200.02449314672825,531.0320345544169
96,310.0-2884.0,161.9974378484039,504.23406625373303
96,6228.0-2468.0,205.6655708099094,548.5896450665975
98,5982.0-532.0,45.37284104806049,242.87955280895858
98,6213.0-113.0,167.18815227843677,253.56125663884922
98,7762.0-3912.0,74.89418800394073,337.70222038226325
98,8551.0-1532.0,141.61094162211705,274.60923139607814
98,7616.0-4572.0,107.04963216471344,341.4602099973563
98,7588.0-2816.0,61.165932953701805,317.1764576839048
98,6586.0-2842.0,67.80345280368117,387.538446140151
98,382.0-2828.0,174.51576682204106,308.6162903740276
98,2018.0-3491.0,146.2644984706545,365.4837104755824
98,6589.0-916.0,64.46992232027853,357.86982846541
98,9522.0-4450.0,161.4398846781776,380.14076356197194
98,7974.0-3062.0,121.35822640455451,352.4643805956541
98,9936.0-4094.0,118.01523636235373,419.1231611129687
98,5557.0-3147.0,136.70123071148578,367.56085837016576
98,5451.0-2256.0,156.19563788707572,420.21434893473685
98,6862.0-1202.0,119.73388158682195,391.88803174441335
98,8906.0-4866.0,191.8088204769747,429.98160949485384
98,7879.0-4282.0,111.54861967502075,415.9889266334643
98,5934.0-1830.0,186.1014892702088,449.48634819918726
98,7278.0-3462.0,144.1667237574556,422.6216219581754
98,3231.0-4357.0,211.70245964106098,465.38742259106436
98,4724.0-4284.0,163.90209230195478,437.57227083930644
98,2156.0-3675.0,191.91802402832494,485.6766037611435
98,6647.0-1667.0,163.03176900071185,456.21349523757925
98,3656.0-4008.0,200.04121153537594,502.648502721181
98,5181.0-1973.0,147.92091266540473,480.3810488761253
98,7827.0-3507.0,196.75876139140055,522.4533450259103
98,310.0-2884.0,157.87734435431236,496.03139915551367
98,6228.0-2468.0,201.26129365224327,540.5359961642225
100,5982.0-532.0,49.73939734714256,234.80539006529204
100,6213.0-113.0,167.06951173015423,244.38275772320026
100,7762.0-3912.0,70.18170279856929,329.82494921050454
100,7616.0-4572.0,103.20185135146379,333.1263333041568
100,7588.0-2816.0,56.92989933163294,309.03305930994765
100,6586.0-2842.0,61.98942613449833,380.4352066105915
100,382.0-2828.0,174.63806850930186,299.4378395122776
100,2018.0-3491.0,143.4770551093691,356.73790705726276
100,6589.0-916.0,59.58863490174247,350.09602945450763
100,9522.0-4450.0,159.1200583133966,371.259472914688
100,7974.0-3062.0,118.81933948836416,343.64321450771183
100,9936.0-4094.0,113.01138440866997,411.42768298942883
100,5557.0-3147.0,134.71720553275438,358.5985728349674
100,5451.0-2256.0,152.93706956229758,411.63293585780025
100,6862.0-1202.0,116.42403649043953,383.3262653751284
100,8906.0-4866.0,190.61081546544503,420.8808566734321
100,7879.0-4282.0,107.16144091400578,407.92595072855397
100,5934.0-1830.0,184.20752585995498,440.5045988971367
100,7278.0-3462.0,141.74338060978357,413.76801670873624
100,3231.0-4357.0,211.96498463035522,456.21191178488783
100,4724.0-4284.0,162.9398454591693,428.4435798631689
100,2156.0-3675.0,189.7421058689927,476.7589640460533
100,6647.0-1667.0,161.68545513453842,447.1334976110369
100,3656.0-4008.0,198.45249198163074,493.607767789561
100,5181.0-1973.0,143.5610649212407,472.3032617056204
100,7827.0-3507.0,193.49302963607286,513.8746554974036
100,310.0-2884.0,153.7572508602208,487.8287320572943
100,6228.0-2468.0,196.85701649457712,532.4823472618475
100,8405.0-3560.0,206.68548179547554,548.0885574693057
102,6213.0-113.0,166.95087118187166,235.2042588075513
102,7762.0-3912.0,65.46921759319787,321.94767803874583
102,7616.0-4572.0,99.35407053821413,324.7924566109573
102,7588.0-2816.0,52.69386570956407,300.8896609359905
102,6586.0-2842.0,56.17539946531549,373.33196708103196
102,382.0-2828.0,174.76037019656263,290.2593886505276
102,2018.0-3491.0,140.6896117480837,347.9921036389431
102,6589.0-916.0,54.70734748320642,342.3222304436052
102,9522.0-4450.0,156.80023194861562,362.37818226740404
102,7974.0-3062.0,116.28045257217381,334.82204841976954
102,9936.0-4094.0,108.0075324549862,403.73220486588895
102,5557.0-3147.0,132.73318035402298,349.63628729976904
102,5451.0-2256.0,149.67850123751944,403.05152278086365
102,6862.0-1202.0,113.11419139405712,374.76449900584345
102,8906.0-4866.0,189.41281045391534,411.78010385201037
102,7879.0-4282.0,102.77426215299081,399.86297482364364
102,5934.0-1830.0,182.3135624497012,431.52284959508614
102,7278.0-3462.0,139.32003746211157,404.91441145929707
102,3231.0-4357.0,212.22750961964945,447.0364009787113
102,4724.0-4284.0,161.9775986163838,419.3148888870314
102,2156.0-3675.0,187.56618770966045,467.84132433096306
102,6647.0-1667.0,160.339141268365,438.0534999844945
102,3656.0-4008.0,196.86377242788555,484.56703285794106
102,5181.0-1973.0,139.20121717707667,464.2254745351155
102,7827.0-3507.0,190.22729788074517,505.29596596889695
102,310.0-2884.0,149.63715736612926,479.62606495907494
102,6228.0-2468.0,192.45273933691098,524.4286983594725
102,8405.0-3560.0,203.0529560685113,539.658630140603
104,6213.0-113.0,166.83223063358912,226.02575989190234
104,7762.0-3912.0,60.75673238782644,314.07040686698707
104,7616.0-4572.0,95.50628972496447,316.4585799177578
104,7588.0-2816.0,48.457832087495206,292.74626256203334
104,6586.0-2842.0,50.361372796132656,366.22872755147245
104,382.0-2828.0,174.88267188382343,281.08093778877765
104,2018.0-3491.0,137.9021683867983,339.2463002206234
104,6589.0-916.0,49.826060064670365,334.5484314327028
104,9522.0-4450.0,154.48040558383462,353.4968916201201
104,7974.0-3062.0,113.74156565598346,326.00088233182726
104,9936.0-4094.0,103.00368050130244,396.03672674234906
104,5557.0-3147.0,130.74915517529158,340.6740017645707
104,5451.0-2256.0,146.41993291274127,394.47010970392705
104,6862.0-1202.0,109.8043462976747,366.2027326365585
104,8906.0-4866.0,188.21480544238568,402.67935103058863
104,7879.0-4282.0,98.38708339197585,391.79999891873325
104,5934.0-1830.0,180.4195990394474,422.5411002930356
104,7278.0-3462.0,136.89669431443957,396.0608062098579
104,3231.0-4357.0,212.4900346089437,437.86089017253477
104,4724.0-4284.0,161.01535177359833,410.18619791089384
104,2156.0-3675.0,185.3902695503282,458.92368461587284
104,6647.0-1667.0,158.9928274021916,428.97350235795216
104,3656.0-4008.0,195.27505287414036,475.5262979263211
104,5181.0-1973.0,134.84136943291264,456.1476873646106
104,7827.0-3507.0,186.96156612541748,496.71727644039026
104,310.0-2884.0,145.51706387203768,471.4233978608556
104,6228.0-2468.0,188.04846217924484,516.3750494570975
104,8405.0-3560.0,199.42043034154705,531.2287028119003
104,4439.0-155.0,207.66597839884795,547.684610031148
104,8503.0-4757.0,170.90466614618464,520.707853806807
106,6213.0-113.0,166.71359008530655,216.84726097625338
106,7762.0-3912.0,56.04424718245501,306.1931356952283
106,7616.0-4572.0,91.65850891171482,308.1247032245583
106,7588.0-2816.0,44.22179846542634,284.6028641880762
106,6586.0-2842.0,44.54734612694981,359.12548802191293
106,382.0-2828.0,175.0049735710842,271.90248692702767
106,2018.0-3491.0,135.1147250255129,330.50049680230376
106,6589.0-916.0,44.94477264613431,326.77463242180033
106,9522.0-4450.0,152.16057921905363,344.61560097283615
106,7974.0-3062.0,111.20267873979311,317.17971624388497
106,9936.0-4094.0,97.99982854761868,388.3412486188092
106,5557.0-3147.0,128.76512999656018,331.7117162293723
106,5451.0-2256.0,143.16136458796313,385.88869662699045
106,6862.0-1202.0,106.49450120129228,357.64096626727354
106,8906.0-4866.0,187.016800430856,393.5785982091669
106,7879.0-4282.0,93.99990463096088,383.73702301382286
106,5934.0-1830.0,178.52563562919363,413.559350990985
106,7278.0-3462.0,134.47335116676754,387.20720096041873
106,3231.0-4357.0,212.75255959823792,428.68537936635823
106,4724.0-4284.0,160.05310493081282,401.0575069347563
106,2156.0-3675.0,183.21435139099597,450.0060449007826
106,6647.0-1667.0,157.64651353601818,419.8935047314098
106,3656.0-4008.0,193.68633332039516,466.4855629947011
106,5181.0-1973.0,130.48152168874861,448.0699001941057
106,7827.0-3507.0,183.69583437008978,488.1385869118836
106,310.0-2884.0,141.3969703779461,463.2207307626362
106,6228.0-2468.0,183.6441850215787,508.32140055472246
106,8405.0-3560.0,195.7879046145828,522.7987754831977
106,4439.0-155.0,204.7657897203919,538.975544435252
106,8503.0-4757.0,166.61845636082177,512.5907531175137
108,6213.0-113.0,158.08331882370283,213.72038779759666
108,7762.0-3912.0,51.33176197708358,298.3158645234696
108,7616.0-4572.0,87.81072809846516,299.7908265313588
108,7588.0-2816.0,39.98576484335747,276.459465814119
108,6586.0-2842.0,38.73331945776697,352.02224849235347
108,382.0-2828.0,175.127275258345,262.7240360652777
108,2018.0-3491.0,132.3272816642275,321.7546933839841
108,6589.0-916.0,40.06348522759826,319.00083341089794
108,9522.0-4450.0,149.84075285427264,335.7343103255522
108,7974.0-3062.0,108.66379182360276,308.3585501559427
108,9936.0-4094.0,92.99597659393491,380.6457704952693
108,5557.0-3147.0,126.78110481782878,322.74943069417395
108,5451.0-2256.0,139.90279626318497,377.30728355005385
108,6862.0-1202.0,103.18465610490986,349.0791998979886
108,8906.0-4866.0,185.8187954193263,384.47784538774516
108,7879.0-4282.0,89.61272586994592,375.67404710891253
108,5934.0-1830.0,176.63167221893983,404.57760168893446
108,7278.0-3462.0,132.05000801909551,378.35359571097956
108,3231.0-4357.0,213.01508458753216,419.5098685601817
108,4724.0-4284.0,159.09085808802735,391.92881595861877
108,2156.0-3675.0,181.03843323166373,441.0884051856924
108,6647.0-1667.0,156.30019966984474,410.8135071048674
108,3656.0-4008.0,192.09761376664997,457.44482806308116
108,5181.0-1973.0,126.12167394458457,439.9921130236008
108,7827.0-3507.0,180.4301026147621,479.5598973833769
108,310.0-2884.0,137.27687688385456,455.01806366441684
108,6228.0-2468.0,179.23990786391255,500.26775165234744
108,8405.0-3560.0,192.15537888761858,514.368848154495
108,4439.0-155.0,201.86560104193583,530.2664788393558
108,8503.0-4757.0,162.3322465754589,504.4736524282204
108,6830.0-381.0,173.19116951826865,519.9269922487769
110,7762.0-3912.0,46.61927677171215,290.43859335171084
110,7616.0-4572.0,83.9629472852155,291.4569498381593
110,7588.0-2816.0,43.182015947675865,267.8546475823137
110,6586.0-2842.0,32.91929278858412,344.91900896279395
110,382.0-2828.0,175.24957694560578,253.5455852035277
110,2018.0-3491.0,129.53983830294212,313.0088899656644
110,6589.0-916.0,35.1821978090622,311.2270343999955
110,9522.0-4450.0,147.52092648949164,326.85301967826825
110,7974.0-3062.0,106.12490490741243,299.5373840680004
110,9936.0-4094.0,87.99212464025115,372.9502923717294
110,5557.0-3147.0,124.79707963909736,313.7871451589756
110,5451.0-2256.0,136.64422793840683,368.72587047311725
110,6862.0-1202.0,99.87481100852744,340.51743352870363
110,8906.0-4866.0,184.62079040779665,375.3770925663234
110,7879.0-4282.0,85.22554710893095,367.6110712040022
110,5934.0-1830.0,174.73770880868602,395.5958523868839
110,7278.0-3462.0,129.62666487142351,369.4999904615404
110,3231.0-4357.0,213.2776095768264,410.33435775400517
110,4724.0-4284.0,158.12861124524187,382.80012498248124
110,2156.0-3675.0,178.8625150723315,432.1707654706022
110,6647.0-1667.0,154.95388580367134,401.73350947832506
110,3656.0-4008.0,190.50889421290478,448.4040931314612
110,5181.0-1973.0,121.76182620042053,431.9143258530959
110,7827.0-3507.0,177.1643708594344,470.9812078548702
110,310.0-2884.0,133.15678338976298,446.8153965661975
110,6228.0-2468.0,174.8356307062464,492.2141027499724
110,8405.0-3560.0,188.52285316065434,505.9389208257923
110,4439.0-155.0,198.96541236347977,521.5574132434598
110,8503.0-4757.0,158.04603679009603,496.3565517389271
110,6830.0-381.0,170.91374390470014,511.0347343522172
112,7762.0-3912.0,50.11047707023675,281.94916236961035
112,7616.0-4572.0,80.11516647196584,283.1230731449598
112,6586.0-2842.0,35.96870153606026,336.26106323559736
112,382.0-2828.0,167.44957944226365,248.70627152572976
112,2018.0-3491.0,126.7523949416567,304.26308654734476
112,6589.0-916.0,30.30091039052615,303.4532353890931
112,9522.0-4450.0,145.20110012471068,317.9717290309843
112,7974.0-3062.0,104.2523809124885,290.5511405918475
112,9936.0-4094.0,82.98827268656737,365.2548142481895
112,5557.0-3147.0,122.81305446036595,304.82485962377723
112,5451.0-2256.0,133.38565961362866,360.14445739618066
112,6862.0-1202.0,96.56496591214503,331.9556671594187
112,8906.0-4866.0,183.422785396267,366.2763397449017
112,7879.0-4282.0,80.83836834791599,359.5480952990918
112,5934.0-1830.0,172.84374539843225,386.61410308483335
112,7278.0-3462.0,127.2033217237515,360.6463852121012
112,3231.0-4357.0,213.54013456612063,401.15884694782864
112,4724.0-4284.0,157.16636440245637,373.6714340063437
112,2156.0-3675.0,176.68659691299925,423.253125755512
112,6647.0-1667.0,153.60757193749794,392.6535118517827
112,3656.0-4008.0,188.92017465915958,439.36335819984123
112,5181.0-1973.0,117.40197845625649,423.83653868259097
112,7827.0-3507.0,173.8986391041067,462.4025183263635
112,310.0-2884.0,129.03668989567143,438.6127294679781
112,6228.0-2468.0,170.43135354858023,484.1604538475974
112,8405.0-3560.0,184.89032743369012,497.5089934970896
112,4439.0-155.0,196.0652236850237,512.8483476475637
112,8503.0-4757.0,153.75982700473315,488.23945104963383
112,6830.0-381.0,168.63631829113163,502.1424764556575
112,4101.0-210.0,174.41836017035436,519.7308448929415
114,7616.0-4572.0,76.26738565871617,274.7891964517603
114,2018.0-3491.0,123.96495158037129,295.5172831290251
114,6589.0-916.0,34.650503702610926,295.36992196304476
114,9522.0-4450.0,142.88127375992968,309.09043838370036
114,9936.0-4094.0,77.98442073288359,357.55933612464963
114,5557.0-3147.0,119.75432381580632,296.1702027982123
114,5451.0-2256.0,130.12709128885052,351.56304431924406
114,6862.0-1202.0,93.25512081576261,323.3939007901337
114,8906.0-4866.0,182.2247803847373,357.17558692347995
114,7879.0-4282.0,76.45118958690102,351.4851193941814
114,5934.0-1830.0,170.94978198817847,377.6323537827828
114,7278.0-3462.0,124.77997857607949,351.79277996266205
114,3231.0-4357.0,213.80265955541483,391.9833361416521
114,4724.0-4284.0,156.2041175596709,364.54274303020617
114,2156.0-3675.0,174.510678753667,414.33548604042176
114,6647.0-1667.0,152.2612580713245,383.57351422524033
114,3656.0-4008.0,187.3314551054144,430.32262326822126
114,5181.0-1973.0,113.04213071209244,415.75875151208606
114,7827.0-3507.0,170.632907348779,453.82382879785683
114,310.0-2884.0,124.91659640157987,430.41006236975875
114,6228.0-2468.0,166.0270763909141,476.1068049452224
114,8405.0-3560.0,181.2578017067259,489.0790661683869
114,4439.0-155.0,193.16503500656765,504.13928205166764
114,8503.0-4757.0,149.47361721937028,480.12235036034053
114,6830.0-381.0,166.35889267756312,493.25021855909785
114,4101.0-210.0,173.0904060085819,510.64814399131
116,7616.0-4572.0,72.4196048454665,266.4553197585608
116,2018.0-3491.0,121.17750821908588,286.7714797107054
116,9522.0-4450.0,140.5614473951487,300.2091477364164
116,9936.0-4094.0,72.98056877919983,349.86385800110975
116,5451.0-2256.0,126.86852296407237,342.98163124230746
116,6862.0-1202.0,89.9452757193802,314.8321344208488
116,8906.0-4866.0,181.02677537320764,348.0748341020582
116,7879.0-4282.0,72.06401082588606,343.42214348927104
116,5934.0-1830.0,169.05581857792467,368.6506044807322
116,7278.0-3462.0,122.35663542840747,342.9391747132229
116,3231.0-4357.0,214.06518454470907,382.80782533547557
116,4724.0-4284.0,155.2418707168854,355.41405205406863
116,2156.0-3675.0,172.33476059433477,405.41784632533154
116,6647.0-1667.0,150.9149442051511,374.49351659869797
116,3656.0-4008.0,185.7427355516692,421.2818883366013
116,5181.0-1973.0,108.6822829679284,407.68096434158116
116,7827.0-3507.0,167.36717559345132,445.24513926935015
116,310.0-2884.0,120.7965029074883,422.2073952715394
116,6228.0-2468.0,161.62279923324792,468.0531560428474
116,8405.0-3560.0,177.62527597976165,480.64913883968416
116,4439.0-155.0,190.2648463281116,495.43021645577153
116,8503.0-4757.0,145.1874074340074,472.00524967104724
116,6830.0-381.0,164.0814670639946,484.3579606625382
116,4101.0-210.0,171.76245184680945,501.5654430896785
118,7616.0-4572.0,68.57182403221682,258.1214430653613
118,2018.0-3491.0,118.39006485780047,278.02567629238575
118,9522.0-4450.0,138.2416210303677,291.32785708913246
118,9936.0-4094.0,67.97671682551606,342.16837987756986
118,5451.0-2256.0,123.60995463929422,334.40021816537086
118,6862.0-1202.0,86.6354306229978,306.2703680515638
118,8906.0-4866.0,179.82877036167795,338.9740812806365
118,7879.0-4282.0,67.67683206487109,335.3591675843607
118,5934.0-1830.0,167.1618551676709,359.66885517868167
118,7278.0-3462.0,119.93329228073546,334.0855694637837
118,3231.0-4357.0,214.32770953400328,373.63231452929904
118,4724.0-4284.0,154.2796238740999,346.2853610779311
118,2156.0-3675.0,170.15884243500253,396.5002066102413
118,6647.0-1667.0,149.56863033897767,365.4135189721556
118,3656.0-4008.0,184.15401599792403,412.24115340498133
118,5181.0-1973.0,104.32243522376436,399.60317717107625
118,7827.0-3507.0,164.1014438381236,436.66644974084346
118,310.0-2884.0,116.67640941339674,414.00472817332
118,6228.0-2468.0,157.21852207558175,459.99950714047236
118,8405.0-3560.0,173.99275025279744,472.21921151098144
118,4439.0-155.0,187.36465764965553,486.7211508598754
118,8503.0-4757.0,140.90119764864454,463.88814898175394
118,6830.0-381.0,161.8040414504261,475.4657027659785
118,4101.0-210.0,170.434497685037,492.48274218804704
120,7616.0-4572.0,64.72404321896715,249.7875663721618
120,2018.0-3491.0,114.17369989001257,269.8720768183696
120,9522.0-4450.0,135.92179466558673,282.4465664418485
120,9936.0-4094.0,62.97286487183229,334.47290175403
120,5451.0-2256.0,120.35138631451606,325.81880508843426
120,6862.0-1202.0,83.3255855266154,297.70860168227887
120,8906.0-4866.0,178.6307653501483,329.87332845921475
120,7879.0-4282.0,63.28965330385613,327.2961916794503
120,5934.0-1830.0,165.2678917574171,350.6871058766311
120,7278.0-3462.0,117.50994913306344,325.23196421434454
120,3231.0-4357.0,214.5902345232975,364.4568037231225
120,4724.0-4284.0,153.3173770313144,337.15667010179357
120,2156.0-3675.0,167.98292427567029,387.5825668951511
120,6647.0-1667.0,148.22231647280427,356.33352134561324
120,3656.0-4008.0,182.56529644417884,403.20041847336137
120,5181.0-1973.0,99.96258747960032,391.52539000057135
120,7827.0-3507.0,160.8357120827959,428.0877602123368
120,310.0-2884.0,112.55631591930518,405.80206107510065
120,6228.0-2468.0,152.81424491791557,451.94585823809734
120,8405.0-3560.0,170.3602245258332,463.7892841822787
120,4439.0-155.0,184.46446897119947,478.0120852639793
120,8503.0-4757.0,136.61498786328167,455.77104829246065
120,6830.0-381.0,159.5266158368576,466.57344486941884
120,4101.0-210.0,169.10654352326455,483.40004128641556
120,1742.0-2827.0,174.52643710576066,519.7961850418194
122,7616.0-4572.0,60.87626240571749,241.4536896789623
122,2018.0-3491.0,109.89871030673842,261.7490612461105
122,9522.0-4450.0,130.93010651657482,274.7431926778877
122,9936.0-4094.0,57.96901291814852,326.7774236304901
122,5451.0-2256.0,117.09281798973791,317.23739201149766
122,6862.0-1202.0,84.01257425016995,288.5550797143162
122,8906.0-4866.0,177.4327603386186,320.772575637793
122,7879.0-4282.0,58.90247454284116,319.23321577454
122,5934.0-1830.0,163.3739283471633,341.70535657458055
122,7278.0-3462.0,115.08660598539143,316.3783589649054
122,3231.0-4357.0,214.85275951259172,355.281292916946
122,4724.0-4284.0,152.35513018852893,328.02797912565603
122,2156.0-3675.0,165.80700611633804,378.6649271800609
122,6647.0-1667.0,146.87600260663083,347.25352371907087
122,3656.0-4008.0,180.97657689043368,394.1596835417414
122,5181.0-1973.0,95.60273973543627,383.44760283006644
122,7827.0-3507.0,157.5699803274682,419.5090706838301
122,310.0-2884.0,108.43622242521361,397.5993939768813
122,6228.0-2468.0,148.4099677602494,443.8922093357223
122,8405.0-3560.0,166.72769879886897,455.359356853576
122,4439.0-155.0,181.5642802927434,469.3030196680832
122,8503.0-4757.0,132.3287780779188,447.65394760316735
122,6830.0-381.0,157.24919022328908,457.68118697285917
122,4101.0-210.0,167.7785893614921,474.3173403847841
122,1742.0-2827.0,172.7511214788152,510.790232990593
124,7616.0-4572.0,57.02848159246783,233.11981298576282
124,2018.0-3491.0,105.55171736924952,253.66434910988156
124,9936.0-4094.0,60.53602978460807,317.9644024497838
124,5451.0-2256.0,113.83424966495976,308.65597893456106
124,6862.0-1202.0,84.84575206699638,279.4137049462731
124,8906.0-4866.0,176.23475532708892,311.6718228163713
124,7879.0-4282.0,61.56664050885364,310.4490745171485
124,5934.0-1830.0,161.4799649369095,332.72360727253
124,7278.0-3462.0,112.66326283771942,307.5247537154662
124,3231.0-4357.0,215.11528450188595,346.10578211076944
124,4724.0-4284.0,151.39288334574346,318.8992881495185
124,2156.0-3675.0,163.6310879570058,369.74728746497067
124,6647.0-1667.0,145.52968874045743,338.1735260925285
124,3656.0-4008.0,179.38785733668848,385.11894861012144
124,5181.0-1973.0,91.24289199127224,375.36981565956154
124,7827.0-3507.0,154.3042485721405,410.9303811553234
124,310.0-2884.0,104.31612893112205,389.3967268786619
124,6228.0-2468.0,144.00569060258323,435.8385604333473
124,8405.0-3560.0,163.09517307190472,446.9294295248733
124,4439.0-155.0,178.66409161428734,460.5939540721871
124,8503.0-4757.0,128.04256829255593,439.53684691387406
124,6830.0-381.0,154.97176460972057,448.7889290762995
124,4101.0-210.0,166.45063519971964,465.2346394831526
124,1742.0-2827.0,170.97580585186975,501.78428093936657
124,3632.0-3654.0,207.32284078640882,547.7601635420667
126,7616.0-4572.0,53.180700779218164,224.78593629256335
126,2018.0-3491.0,101.11253545412228,245.62988697177468
126,5451.0-2256.0,110.5756813401816,300.07456585762446
126,6862.0-1202.0,85.85849390297271,270.29047789122683
126,8906.0-4866.0,175.03675031555926,302.57106999494954
126,5934.0-1830.0,159.5860015266557,323.74185797047943
126,7278.0-3462.0,110.60516617228146,298.5791874371371
126,3231.0-4357.0,215.37780949118016,336.9302713045929
126,4724.0-4284.0,150.43063650295795,309.77059717338096
126,2156.0-3675.0,161.45516979767356,360.82964774988045
126,6647.0-1667.0,144.183374874284,329.09352846598614
126,3656.0-4008.0,177.79913778294332,376.07821367850147
126,5181.0-1973.0,86.8830442471082,367.29202848905663
126,7827.0-3507.0,151.03851681681277,402.3516916268167
126,310.0-2884.0,100.19603543703049,381.19405978044256
126,6228.0-2468.0,139.60141344491706,427.7849115309723
126,8405.0-3560.0,159.46264734494048,438.49950219617057
126,4439.0-155.0,175.76390293583128,451.884888476291
126,8503.0-4757.0,123.75635850719306,431.41974622458076
126,6830.0-381.0,152.69433899615206,439.8966711797398
126,4101.0-210.0,165.1226810379472,456.1519385815211
126,1742.0-2827.0,169.2004902249243,492.77832888814015
126,3632.0-3654.0,202.83871672119247,539.7506973119105
128,7616.0-4572.0,49.3329199659685,216.45205959936385
128,2018.0-3491.0,96.54766071570022,237.666166952413
128,5451.0-2256.0,107.31711301540345,291.49315278068786
128,6862.0-1202.0,87.10093668935642,261.19568521372014
128,8906.0-4866.0,173.83874530402957,293.4703171735278
128,5934.0-1830.0,157.69203811640193,314.76010866842887
128,7278.0-3462.0,108.58532760337847,289.6249052168897
128,3231.0-4357.0,215.6403344804744,327.7547604984164
128,4724.0-4284.0,149.46838966017248,300.64190619724343
128,2156.0-3675.0,159.27925163834132,351.91200803479023
128,6647.0-1667.0,142.8370610081106,320.0135308394438
128,3656.0-4008.0,176.21041822919813,367.0374787468815
128,5181.0-1973.0,82.52319650294416,359.21424131855173
128,7827.0-3507.0,147.77278506148508,393.77300209831003
128,310.0-2884.0,96.07594194293893,372.9913926822232
128,6228.0-2468.0,135.19713628725088,419.7312626285973
128,8405.0-3560.0,155.83012161797626,430.06957486746785
128,4439.0-155.0,172.86371425737525,443.1758228803949
128,8503.0-4757.0,119.47014872183018,423.30264553528747
128,6830.0-381.0,150.41691338258354,431.00441328318016
128,4101.0-210.0,163.79472687617474,447.0692376798896
128,1742.0-2827.0,167.42517459797884,483.77237683691374
128,3632.0-3654.0,198.35459265597612,531.7412310817542
128,4756.0-1722.0,211.4725031754465,546.4840635132554
130,7616.0-4572.0,58.432475973825845,217.6591214801857
130,2018.0-3491.0,91.79214832363358,229.81479638332337
130,5451.0-2256.0,104.0585446906253,282.91173970375127
130,6862.0-1202.0,88.65562523053174,252.1490360293976
130,8906.0-4866.0,172.6407402924999,284.36956435210607
130,5934.0-1830.0,155.79807470614813,305.7783593663783
130,7278.0-3462.0,106.61213299565428,280.66022892801493
130,3231.0-4357.0,215.9028594697686,318.57924969223984
130,4724.0-4284.0,148.50614281738697,291.5132152211059
130,2156.0-3675.0,157.10333347900908,342.9943683197
130,6647.0-1667.0,141.49074714193716,310.9335332129014
130,3656.0-4008.0,171.66647738019662,359.0617957363149
130,5181.0-1973.0,78.16334875878013,351.1364541480468
130,7827.0-3507.0,144.50705330615736,385.19431256980334
130,310.0-2884.0,91.95584844884735,364.7887255840038
130,6228.0-2468.0,130.7928591295847,411.67761372622226
130,8405.0-3560.0,152.197595891012,421.63964753876513
130,4439.0-155.0,169.9635255789192,434.4667572844988
130,8503.0-4757.0,115.18393893646731,415.1855448459942
130,6830.0-381.0,148.13948776901503,422.1121553866205
130,4101.0-210.0,162.46677271440225,437.98653677825814
130,1742.0-2827.0,165.64985897103338,474.7664247856873
130,3632.0-3654.0,193.87046859075977,523.731764851598
130,4756.0-1722.0,210.88988194440358,537.323306425252
132,2018.0-3491.0,86.67554152143114,222.1938218553564
132,5451.0-2256.0,100.79997636584714,274.33032662681467
132,6862.0-1202.0,90.67991850773699,243.19575983282422
132,8906.0-4866.0,171.44273528097023,275.26881153068433
132,5934.0-1830.0,153.90411129589435,296.79661006432775
132,7278.0-3462.0,104.69798256565956,271.6827601279791
132,3231.0-4357.0,216.16538445906284,309.4037388860633
132,4724.0-4284.0,142.4593138398889,284.6070746751023
132,2156.0-3675.0,154.92741531967684,334.0767286046098
132,6647.0-1667.0,140.14443327576376,301.85353558635904
132,5181.0-1973.0,78.48904200595256,341.9629683420398
132,7827.0-3507.0,141.24132155082964,376.61562304129666
132,310.0-2884.0,87.83575495475577,356.58605848578446
132,6228.0-2468.0,126.38858197191855,403.62396482384725
132,8405.0-3560.0,148.56507016404777,413.2097202100624
132,4439.0-155.0,167.06333690046316,425.7576916886027
132,8503.0-4757.0,110.89772915110443,407.0684441567009
132,6830.0-381.0,145.86206215544652,413.2198974900608
132,4101.0-210.0,161.1388185526298,428.90383587662666
132,1742.0-2827.0,163.87454334408793,465.7604727344609
132,3632.0-3654.0,189.38634452554342,515.7222986214417
132,4756.0-1722.0,210.30726071336068,528.1625493372486
132,6409.0-631.0,210.60330579627924,546.4995351589141
134,5451.0-2256.0,99.80982285538143,265.20462041030856
134,6862.0-1202.0,93.56925649919448,234.4830883771003
134,8906.0-4866.0,170.24473026944057,266.1680587092626
134,5934.0-1830.0,152.01014788564055,287.8148607622772
134,7278.0-3462.0,102.86281668237305,262.6888130464644
134,3231.0-4357.0,216.42790944835704,300.2282280798868
134,2156.0-3675.0,152.7514971603446,325.1590888895196
134,6647.0-1667.0,138.79811940959033,292.7735379598167
134,7827.0-3507.0,137.97558979550195,368.03693351279
134,310.0-2884.0,83.7156614606642,348.3833913875651
134,6228.0-2468.0,121.9843048142524,395.57031592147223
134,4439.0-155.0,164.1631482220071,417.04862609270657
134,8503.0-4757.0,106.61151936574154,398.9513434674076
134,4101.0-210.0,159.81086439085732,419.8211349749952
134,1742.0-2827.0,162.09922771714247,456.7545206832345
134,3632.0-3654.0,184.90222046032707,507.7128323912855
134,4756.0-1722.0,209.72463948231777,519.0017922492452
134,6409.0-631.0,208.90332763120486,537.4790588875337
136,5451.0-2256.0,99.00063482908266,256.0610908586332
136,8906.0-4866.0,161.98034223624043,262.1732109823819
136,5934.0-1830.0,150.11618447538677,278.83311146022663
136,7278.0-3462.0,101.14318954431617,253.6720619447469
136,3231.0-4357.0,208.49254275265162,295.61424137325713
136,2156.0-3675.0,150.57557900101236,316.24144917442936
136,6647.0-1667.0,137.45180554341692,283.6935403332743
136,7827.0-3507.0,134.70985804017423,359.4582439842833
136,310.0-2884.0,79.59556796657262,340.18072428934573
136,6228.0-2468.0,117.58002765658624,387.5166670190972
136,4439.0-155.0,161.26295954355106,408.33956049681046
136,8503.0-4757.0,102.32530958037866,390.8342427781143
136,4101.0-210.0,158.48291022908484,410.7384340733637
136,1742.0-2827.0,160.323912090197,447.7485686320081
136,3632.0-3654.0,180.41809639511072,499.7033661611292
136,4756.0-1722.0,209.14201825127486,509.84103516124185
136,6409.0-631.0,207.20334946613048,528.4585826161533
136,1715.0-3685.0,207.97824659221214,547.4362583709409
138,5451.0-2256.0,98.49161742447511,246.89594933184418
138,5934.0-1830.0,148.22222106513297,269.8513621581761
138,7278.0-3462.0,99.62400459019328,244.61938305949792
138,2156.0-3675.0,148.39966084168012,307.32380945933915
138,6647.0-1667.0,136.1054916772435,274.61354270673195
138,7827.0-3507.0,131.4441262848465,350.8795544557766
138,310.0-2884.0,75.47547447248104,331.97805719112637
138,6228.0-2468.0,113.17575049892008,379.4630181167222
138,4439.0-155.0,158.362770865095,399.63049490091436
138,8503.0-4757.0,98.03909979501577,382.717142088821
138,4101.0-210.0,157.15495606731238,401.6557331717322
138,1742.0-2827.0,158.54859646325156,438.74261658078166
138,3632.0-3654.0,175.93397232989437,491.693899930973
138,4756.0-1722.0,208.55939702023198,500.68027807323847
138,6409.0-631.0,205.5033713010561,519.4381063447729
138,1715.0-3685.0,203.40504966820643,539.4773144825515
140,5451.0-2256.0,98.69892517754646,237.71902493312635
140,5934.0-1830.0,140.6335387200062,264.6869824094524
140,7278.0-3462.0,98.66198208100255,235.49066843935142
140,2156.0-3675.0,143.1456403041007,299.79691195007547
140,6647.0-1667.0,129.70694815995418,268.031935092963
140,7827.0-3507.0,128.92687918202134,342.05218877016097
140,310.0-2884.0,77.64099751555032,323.0578874688508
140,6228.0-2468.0,108.77147334125392,371.4093692143472
140,4439.0-155.0,155.46258218663897,390.92142930501825
140,8503.0-4757.0,98.08261757318196,373.53797959286044
140,4101.0-210.0,155.8270019055399,392.5730322701007
140,1742.0-2827.0,156.7732808363061,429.73666452955524
140,3632.0-3654.0,171.44984826467802,483.6844337008167
140,4756.0-1722.0,207.9767757891891,491.5195209852351
140,6409.0-631.0,203.8033931359817,510.41763007339256
140,1715.0-3685.0,198.83185274420072,531.5183705941621
298,9833.0-1867.0,188.1490163164881,519.383275713274
300,9833.0-1867.0,187.6377754873805,510.21825794248275
302,9833.0-1867.0,187.12653465827293,501.0532401716915
302,124.0-4610.0,188.69552390936084,519.3665259937908
304,9833.0-1867.0,186.61529382916535,491.8882224009003
304,124.0-4610.0,188.45307147283637,510.19046285428
306,9833.0-1867.0,186.10405300005777,482.7232046301091
306,124.0-4610.0,188.2106190363119,501.0143997147692
306,8733.0-1759.0,189.15134941424012,519.3578446638998
308,9833.0-1867.0,185.5928121709502,473.55818685931786
308,124.0-4610.0,187.96816659978742,491.8383365752584
308,8733.0-1759.0,189.08700328230526,510.17880454526147
310,9833.0-1867.0,185.08157134184262,464.39316908852663
310,124.0-4610.0,187.72571416326298,482.6622734357476
310,8733.0-1759.0,189.0226571503704,500.9997644266232
310,6301.0-1789.0,190.041068261901,519.3682664001306
312,9833.0-1867.0,184.57033051273504,455.2281513177354
312,124.0-4610.0,187.48326172673853,473.4862102962368
312,8733.0-1759.0,188.95831101843558,491.8207243079849
312,6301.0-1789.0,190.58872177733735,510.2053523684867
314,9833.0-1867.0,183.3591041999752,446.12914869417585
314,124.0-4610.0,187.24080929021406,464.310147156726
314,8733.0-1759.0,188.89396488650073,482.6416841893466
314,6301.0-1789.0,191.13637529277372,501.0424383368428
314,2128.0-1117.0,190.05517571886134,519.3506061529974
316,9833.0-1867.0,182.3441075582828,437.00617222036976
316,124.0-4610.0,186.99835685368961,455.1340840172152
316,8733.0-1759.0,188.8296187545659,473.46264407070834
316,6301.0-1789.0,191.6840288082101,491.8795243051989
316,2128.0-1117.0,190.3392174909684,510.17573622498406
318,9833.0-1867.0,181.66235503365232,427.8522587720447
318,124.0-4610.0,185.56442052574255,446.0675110962235
318,8733.0-1759.0,188.76527262263104,464.28360395207005
318,6301.0-1789.0,192.23168232364642,482.71661027355503
318,2128.0-1117.0,190.62325926307545,501.0008662969707
318,3232.0-2952.0,221.06922279772633,540.9661436103265
318,4196.0-365.0,190.09541185426644,519.340624154843
320,9833.0-1867.0,181.83685051568403,418.6746518262763
320,124.0-4610.0,184.34164585163435,436.97005320840526
320,8733.0-1759.0,187.39652177800642,455.20696145334813
320,6301.0-1789.0,192.7793358390828,473.55369624191115
320,2128.0-1117.0,190.9073010351825,491.8259963689573
320,3232.0-2952.0,218.2957423329123,532.2159022401951
320,4196.0-365.0,190.14197056148896,510.16147657943884
322,6508.0-3778.0,187.14104096005573,519.905274914513
324,6508.0-3778.0,183.9555095727779,511.2964824495425
326,6508.0-3778.0,180.76997818550007,502.687689984572
326,8539.0-1435.0,218.86898996170603,542.0953581332533
326,9321.0-1882.0,187.7979465234691,519.7686064228601
328,6508.0-3778.0,177.58444679822225,494.07889751960147
328,8539.0-1435.0,213.39895755114327,534.723949627977
328,9321.0-1882.0,184.99160149931498,511.0288498170002
330,6508.0-3778.0,174.39891541094443,485.47010505463095
330,8539.0-1435.0,207.9289251405805,527.3525411227008
330,9321.0-1882.0,182.18525647516086,502.2890932111403
330,1731.0-670.0,220.17981848990894,541.2899971188995
330,2969.0-1860.0,188.12234340336505,519.7480510869959
332,6508.0-3778.0,171.2133840236666,476.86131258966043
332,8539.0-1435.0,202.45889273001774,519.9811326174246
332,9321.0-1882.0,179.37891145100673,493.5493366052804
332,1731.0-670.0,215.77245505268485,533.2380367702336
332,2969.0-1860.0,185.36267605881721,510.99344349603547
334,6508.0-3778.0,168.36126629375673,468.1363860926062
334,8539.0-1435.0,196.98886031945497,512.6097241121483
334,9321.0-1882.0,176.5725664268526,484.8095799994205
334,1731.0-670.0,211.36509161546076,525.1860764215678
334,2969.0-1860.0,182.60300871426935,502.238835905075
334,9947.0-897.0,220.21159491088065,541.2874644712299
334,8277.0-4506.0,187.9453800402158,519.8988805549288
336,6508.0-3778.0,165.5909539701802,459.3851411780751
336,8539.0-1435.0,191.5188279088922,505.2383156068721
336,9321.0-1882.0,173.24262415198862,476.2556100222497
336,1731.0-670.0,206.95772817823666,517.134116072902
336,2969.0-1860.0,179.8433413697215,493.48422831411455
336,9947.0-897.0,215.58784833976404,533.3577806458587
336,8277.0-4506.0,184.73103013222905,511.300806782665
338,6508.0-3778.0,162.99998828568903,450.579131028975
338,8539.0-1435.0,186.04879549832944,497.86690710159587
338,9321.0-1882.0,169.93194476462762,467.6941662235456
338,1731.0-670.0,202.55036474101254,509.0821557242362
338,2969.0-1860.0,176.54256647062562,484.91896106844354
338,9947.0-897.0,210.96410176864742,525.4280968204876
338,8277.0-4506.0,181.51668022424232,502.7027330104012
338,3175.0-2841.0,220.25209441153788,541.2874414360418
338,4273.0-11.0,188.31265679287293,519.8602250860392
374,420.0-709.0,191.2299882739921,519.6688545552284
376,420.0-709.0,188.52305459688512,510.8977982909003
378,420.0-709.0,185.81612091977814,502.1267420265722
380,420.0-709.0,183.10918724267117,493.35568576224404
382,420.0-709.0,180.4022535655642,484.5846294979159
384,420.0-709.0,177.69531988845722,475.81357323358776
386,420.0-709.0,174.98838621135025,467.0425169692596
388,420.0-709.0,172.28145253424327,458.2714607049315
390,420.0-709.0,169.5745188571363,449.50040444060335
392,420.0-709.0,167.6442507041764,440.5263873477996
394,420.0-709.0,165.86291282715544,431.5216245362561
394,93.0-4503.0,224.3550626149194,539.1843450492831
406,9772.0-2784.0,225.52608383436257,538.603997123202
408,9772.0-2784.0,221.74995419917173,530.237411027159
410,9772.0-2784.0,217.97382456398088,521.8708249311161
410,848.0-1665.0,226.47978365814853,538.1953174783637
412,9772.0-2784.0,214.19769492879004,513.5042388350731
412,848.0-1665.0,223.40919429187943,529.5448609084466
414,9772.0-2784.0,210.4215652935992,505.13765273903016
414,848.0-1665.0,220.3386049256103,520.8944043385295
414,7284.0-712.0,226.03251631757973,538.349821619621
416,9772.0-2784.0,206.64543565840836,496.7710666429872
416,848.0-1665.0,217.26801555934117,512.2439477686124
416,7284.0-712.0,222.2665000558776,529.9786783619255
418,9772.0-2784.0,202.86930602321752,488.4044805469442
418,848.0-1665.0,214.19742619307203,503.5934911986954
418,7284.0-712.0,218.50048379417547,521.60753510423
418,5525.0-1365.0,226.38288625218007,538.1797761769146
420,9772.0-2784.0,199.09317638802668,480.03789445090126
420,848.0-1665.0,211.12683682680293,494.9430346287784
420,7284.0-712.0,214.73446753247333,513.2363918465345
420,5525.0-1365.0,222.71908037021402,529.763396647477
422,9772.0-2784.0,195.31704675283584,471.6713083548583
422,848.0-1665.0,208.0562474605338,486.29257805886135
422,7284.0-712.0,210.9684512707712,504.865248588839
422,5525.0-1365.0,219.05527448824796,521.3470171180393
422,9745.0-3339.0,226.4473117223874,538.1373586466576
424,9772.0-2784.0,191.540917117645,463.30472225881533
424,848.0-1665.0,204.27651595608984,477.9276185443999
424,7284.0-712.0,207.20243500906906,496.4941053311435
424,5525.0-1365.0,215.3914686062819,512.9306375886016
424,9745.0-3339.0,222.5997717557645,529.8033707579272
426,9772.0-2784.0,189.88884736604248,454.2753488885251
426,848.0-1665.0,200.29032176990407,469.6590531407591
426,7284.0-712.0,204.04241308003793,487.87591646501227
426,5525.0-1365.0,211.72766272431585,504.514258059164
426,9745.0-3339.0,218.75223178914158,521.4693828691967
426,2557.0-542.0,227.0154307573504,537.8721586948482
